source,relation,target,target_label
Q391379,child,Q179844,Parthenope
Q391379,spouse,Q103992,Melpomene
Q391379,spouse,Q104042,Terpsichore
Q391379,spouse,Q103975,Calliope
Q391379,unmarried partner,Q103975,Calliope
Q163920,mother,Q771366,Myrrha
Q163920,sibling,Q771366,Myrrha
Q163920,unmarried partner,Q35500,Aphrodite
Q163920,unmarried partner,Q45967,Persephone
Q35500,father,Q34201,Zeus
Q35500,father,Q79999,Uranus
Q35500,mother,Q199923,Dione
Q35500,child,Q572133,Anteros
Q35500,child,Q121973,Eros
Q35500,child,Q978079,Harmonia
Q35500,child,Q204146,Hermaphroditus
Q35500,child,Q506770,Hymen
Q35500,child,Q206878,Priapus
Q35500,child,Q82732,Aeneas
Q35500,child,Q184353,Charites
Q35500,spouse,Q44384,Hephaestus
Q35500,unmarried partner,Q211953,Anchises
Q35500,unmarried partner,Q203480,Phaethon
Q35500,unmarried partner,Q163920,Adonis
Q35500,unmarried partner,Q40901,Ares
Q35500,unmarried partner,Q41484,Hermes
Q35500,unmarried partner,Q41680,Dionysus
Q35500,unmarried partner,Q41127,Poseidon
Q35500,unmarried partner,Q34201,Zeus
Q4439972,father,Q34201,Zeus
Q4439972,mother,Q548099,Eurynome
Q4439972,child,Q194012,Morpheus
Q4439972,sibling,Q689422,Euphrosyne
Q4439972,spouse,Q44384,Hephaestus
Q911084,father,Q161419,Oceanus
Q107785,father,Q161419,Oceanus
Q107785,father,Q134270,Helios
Q107785,unmarried partner,Q161419,Oceanus
Q180222,father,Q161419,Oceanus
Q180222,father,Q189527,Nereus
Q180222,mother,Q726279,Doris
Q180222,child,Q148030,Triton
Q180222,spouse,Q41127,Poseidon
Q180222,spouse,Q3954,Neptune
Q572133,father,Q40901,Ares
Q572133,mother,Q35500,Aphrodite
Q572133,sibling,Q121973,Eros
Q37340,father,Q34201,Zeus
Q37340,child,Q83223,Asclepius
Q37340,child,Q174353,Orpheus
Q37340,child,Q506770,Hymen
Q37340,child,Q1330532,Lycomedes
Q37340,child,Q208588,Eurydice
Q37340,child,Q2606272,Centaurus
Q37340,child,Q61014736,Euripides
Q37340,sibling,Q39503,Artemis
Q37340,spouse,Q104002,Urania
Q37340,unmarried partner,Q103975,Calliope
Q37340,unmarried partner,Q104042,Terpsichore
Q37340,unmarried partner,Q103968,Clio
Q37340,unmarried partner,Q725286,Coronis
Q37340,unmarried partner,Q910403,Dryope
Q37340,unmarried partner,Q193433,Hecuba
Q40901,father,Q34201,Zeus
Q40901,mother,Q38012,Hera
Q40901,child,Q572133,Anteros
Q40901,child,Q121973,Eros
Q40901,child,Q978079,Harmonia
Q40901,child,Q379828,Penthesilea
Q40901,child,Q321541,Meleager
Q40901,child,Q1149595,Molus
Q40901,child,Q271891,Ixion
Q40901,child,Q847890,Oenomaus
Q40901,child,Q1138506,Tereus
Q40901,spouse,Q35500,Aphrodite
Q40901,unmarried partner,Q35500,Aphrodite
Q40901,unmarried partner,Q584492,"Aglaurus, daughter of Cecrops"
Q40901,unmarried partner,Q190323,Atalanta
Q40901,unmarried partner,Q103975,Calliope
Q40901,unmarried partner,Q104042,Terpsichore
Q978079,father,Q40901,Ares
Q978079,mother,Q35500,Aphrodite
Q978079,child,Q223690,Ino
Q978079,child,Q776139,Semele
Q978079,spouse,Q27613,Cadmus
Q39503,father,Q34201,Zeus
Q39503,sibling,Q37340,Apollo
Q83223,father,Q37340,Apollo
Q83223,mother,Q725286,Coronis
Q83223,child,Q202257,Hygieia
Q742680,father,Q34201,Zeus
Q37122,father,Q34201,Zeus
Q37122,mother,Q190565,Metis
Q37122,child,Q202257,Hygieia
Q130818,child,Q48961,Calypso
Q130818,child,Q59697,Hesperus
Q130818,sibling,Q83160,Prometheus
Q130818,sibling,Q41054,Epimetheus
Q753294,father,Q34201,Zeus
Q753294,mother,Q131203,Nyx
Q753294,sibling,Q829669,Clotho
Q753294,sibling,Q898947,Lachesis
Q109220,child,Q893473,Calais
Q109220,child,Q4024302,Zetes
Q109220,sibling,Q467515,Zephyrus
Q109220,spouse,Q1129489,Orithyia
Q48961,father,Q130818,Atlas
Q48961,father,Q189527,Nereus
Q48961,mother,Q726279,Doris
Q48961,unmarried partner,Q47231,Odysseus
Q203673,father,Q501667,Lycaon
Q203673,child,Q132582,Pan
Q203673,unmarried partner,Q34201,Zeus
Q192082,father,Q41127,Poseidon
Q6612,mother,Q131203,Nyx
Q131090,child,Q121973,Eros
Q131090,child,Q131203,Nyx
Q131090,child,Q79999,Uranus
Q188236,child,Q308398,Midas
Q187602,father,Q241971,Aeëtes
Q187602,father,Q134270,Helios
Q187602,mother,Q131575,Hecate
Q187602,sibling,Q241971,Aeëtes
Q187602,unmarried partner,Q47231,Odysseus
Q21051010,father,Q161419,Oceanus
Q829669,father,Q34201,Zeus
Q829669,mother,Q131203,Nyx
Q829669,sibling,Q898947,Lachesis
Q829669,sibling,Q753294,Atropos
Q194015,father,Q1364612,Peneus
Q40730,mother,Q108419,Rhea
Q40730,child,Q45967,Persephone
Q40730,child,Q842435,Arion
Q40730,child,Q1352687,Eubuleus
Q40730,child,Q131575,Hecate
Q40730,sibling,Q34201,Zeus
Q40730,sibling,Q41127,Poseidon
Q40730,sibling,Q38012,Hera
Q40730,unmarried partner,Q34201,Zeus
Q40730,unmarried partner,Q41127,Poseidon
Q199923,father,Q161419,Oceanus
Q199923,father,Q79999,Uranus
Q199923,child,Q35500,Aphrodite
Q199923,child,Q41680,Dionysus
Q199923,child,Q213621,Niobe
Q199923,unmarried partner,Q34201,Zeus
Q41680,father,Q34201,Zeus
Q41680,mother,Q776139,Semele
Q41680,mother,Q40730,Demeter
Q41680,child,Q506770,Hymen
Q41680,child,Q419156,Acis
Q41680,child,Q206878,Priapus
Q41680,child,Q272000,Deianira
Q41680,child,Q184353,Charites
Q41680,spouse,Q184874,Ariadne
Q41680,unmarried partner,Q35500,Aphrodite
Q41680,unmarried partner,Q184874,Ariadne
Q726279,father,Q161419,Oceanus
Q726279,child,Q241070,Galatea
Q726279,child,Q15711584,Cymodoce
Q726279,child,Q1241338,Thaleia
Q726279,child,Q184437,Thetis
Q726279,child,Q180222,Amphitrite
Q726279,child,Q48961,Calypso
Q726279,child,Q2866192,Arethusa
Q726279,spouse,Q189527,Nereus
Q726279,unmarried partner,Q34201,Zeus
Q910403,unmarried partner,Q37340,Apollo
Q131125,father,Q34201,Zeus
Q131125,mother,Q38012,Hera
Q131125,spouse,Q122248,Heracles
Q131575,father,Q34201,Zeus
Q131575,mother,Q38012,Hera
Q131575,mother,Q40730,Demeter
Q131575,child,Q174278,Medea
Q131575,child,Q187602,Circe
Q131575,child,Q193115,Scylla
Q131575,unmarried partner,Q148030,Triton
Q131575,unmarried partner,Q241971,Aeëtes
Q44384,father,Q34201,Zeus
Q44384,mother,Q38012,Hera
Q44384,child,Q644921,Erichthonius
Q44384,sibling,Q40901,Ares
Q44384,spouse,Q35500,Aphrodite
Q44384,spouse,Q4439972,Aglaea
Q44384,unmarried partner,Q37122,Athena
Q1249106,father,Q79999,Uranus
Q1249106,killed_by,Q37340,Apollo
Q1249106,killed_by,Q122248,Heracles
Q321298,unmarried partner,Q34201,Zeus
Q638578,mother,Q624551,Nephele
Q638578,sibling,Q743482,Phrixus
Q638578,unmarried partner,Q41127,Poseidon
Q845112,father,Q79999,Uranus
Q845112,killed_by,Q37122,Athena
Q172549,father,Q41127,Poseidon
Q172549,child,Q1362409,Canace
Q172549,child,Q9026462,Macareus
Q41054,child,Q622809,Pyrrha
Q41054,sibling,Q130818,Atlas
Q41054,sibling,Q83160,Prometheus
Q41054,spouse,Q131346,Pandora
Q38012,mother,Q108419,Rhea
Q38012,child,Q40901,Ares
Q38012,child,Q131125,Hebe
Q38012,child,Q44384,Hephaestus
Q38012,child,Q131575,Hecate
Q38012,sibling,Q34201,Zeus
Q38012,sibling,Q41127,Poseidon
Q38012,sibling,Q40730,Demeter
Q38012,spouse,Q34201,Zeus
Q122248,father,Q34201,Zeus
Q122248,child,Q847268,Hyllus
Q122248,child,Q916442,Telephus
Q122248,spouse,Q272000,Deianira
Q122248,spouse,Q131125,Hebe
Q122248,spouse,Q486698,Omphale
Q1135146,father,Q161419,Oceanus
Q204146,father,Q41484,Hermes
Q204146,mother,Q35500,Aphrodite
Q41484,father,Q34201,Zeus
Q41484,child,Q204146,Hermaphroditus
Q41484,child,Q132582,Pan
Q41484,child,Q206878,Priapus
Q41484,child,Q464091,Silenus
Q41484,unmarried partner,Q35500,Aphrodite
Q41484,unmarried partner,Q16641710,Herse
Q121973,father,Q40901,Ares
Q121973,father,Q467515,Zephyrus
Q121973,father,Q131090,Chaos
Q121973,mother,Q35500,Aphrodite
Q121973,mother,Q184570,Iris
Q121973,mother,Q131203,Nyx
Q121973,sibling,Q572133,Anteros
Q121973,sibling,Q131203,Nyx
Q121973,spouse,Q843382,Psyche
Q689422,father,Q34201,Zeus
Q689422,mother,Q548099,Eurynome
Q689422,sibling,Q4439972,Aglaea
Q208588,spouse,Q174353,Orpheus
Q548099,father,Q161419,Oceanus
Q548099,child,Q689422,Euphrosyne
Q548099,child,Q4439972,Aglaea
Q548099,child,Q184353,Charites
Q548099,unmarried partner,Q34201,Zeus
Q183281,father,Q79999,Uranus
Q183281,child,Q12958119,Latona
Q398524,father,Q161419,Oceanus
Q398524,child,Q183417,Chiron
Q398524,unmarried partner,Q41127,Poseidon
Q1775444,child,Q578888,Ceyx
Q1775444,sibling,Q59697,Hesperus
Q385397,father,Q41127,Poseidon
Q134270,child,Q203480,Phaethon
Q134270,child,Q241971,Aeëtes
Q134270,child,Q187602,Circe
Q134270,child,Q689422,Euphrosyne
Q134270,child,Q4439972,Aglaea
Q134270,child,Q184353,Charites
Q134270,child,Q107785,Amalthea
Q134270,child,Q850192,Dirce
Q134270,sibling,Q131585,Selene
Q134270,unmarried partner,Q339980,Leucothoë
Q134270,unmarried partner,Q131585,Selene
Q189347,mother,Q131203,Nyx
Q189347,child,Q194012,Morpheus
Q202257,father,Q83223,Asclepius
Q506770,father,Q41680,Dionysus
Q506770,father,Q37340,Apollo
Q506770,mother,Q35500,Aphrodite
Q506770,mother,Q103975,Calliope
Q506770,mother,Q104042,Terpsichore
Q506770,mother,Q104002,Urania
Q506770,mother,Q103968,Clio
Q179014,unmarried partner,Q34201,Zeus
Q2171892,father,Q161419,Oceanus
Q184570,child,Q121973,Eros
Q184570,spouse,Q467515,Zephyrus
Q898947,father,Q34201,Zeus
Q898947,mother,Q131203,Nyx
Q898947,sibling,Q753294,Atropos
Q898947,sibling,Q829669,Clotho
Q190565,father,Q161419,Oceanus
Q190565,child,Q37122,Athena
Q190565,child,Q126916,Minerva
Q190565,spouse,Q34201,Zeus
Q102884,father,Q79999,Uranus
Q102884,father,Q34201,Zeus
Q102884,child,Q103968,Clio
Q102884,child,Q103975,Calliope
Q102884,child,Q103992,Melpomene
Q102884,child,Q104002,Urania
Q102884,child,Q104012,Euterpe
Q102884,child,Q104042,Terpsichore
Q102884,child,Q104413,Erato
Q102884,child,Q104425,Polyhymnia
Q102884,unmarried partner,Q34201,Zeus
Q194012,father,Q189347,Hypnos
Q194012,mother,Q4439972,Aglaea
Q194012,mother,Q131203,Nyx
Q624551,father,Q161419,Oceanus
Q624551,child,Q743482,Phrixus
Q624551,child,Q638578,Helle
Q185747,father,Q161419,Oceanus
Q185747,mother,Q131203,Nyx
Q185747,child,Q164061,Helen of Troy
Q185747,unmarried partner,Q34201,Zeus
Q189527,child,Q241070,Galatea
Q189527,child,Q15711584,Cymodoce
Q189527,child,Q1241338,Thaleia
Q189527,child,Q184437,Thetis
Q189527,child,Q180222,Amphitrite
Q189527,child,Q48961,Calypso
Q189527,child,Q2866192,Arethusa
Q189527,spouse,Q726279,Doris
Q685243,father,Q161419,Oceanus
Q131203,father,Q131090,Chaos
Q131203,child,Q185747,Nemesis
Q131203,child,Q6612,Charon
Q131203,child,Q189347,Hypnos
Q131203,child,Q194012,Morpheus
Q131203,child,Q753294,Atropos
Q131203,child,Q829669,Clotho
Q131203,child,Q898947,Lachesis
Q131203,child,Q121973,Eros
Q131203,sibling,Q121973,Eros
Q161419,father,Q79999,Uranus
Q161419,child,Q185747,Nemesis
Q161419,child,Q48961,Calypso
Q161419,child,Q107785,Amalthea
Q161419,child,Q180222,Amphitrite
Q161419,child,Q190565,Metis
Q161419,child,Q398524,Philyra
Q161419,child,Q726279,Doris
Q161419,child,Q548099,Eurynome
Q161419,child,Q391379,Achelous
Q161419,child,Q685243,Nilus
Q161419,child,Q911084,Alpheus
Q161419,child,Q1364612,Peneus
Q161419,child,Q199923,Dione
Q161419,child,Q1135146,Eridanos
Q161419,child,Q624551,Nephele
Q161419,child,Q21051010,Klytia
Q161419,child,Q269243,Triptolemus
Q161419,child,Q2171892,Hippo
Q161419,sibling,Q108419,Rhea
Q201261,unmarried partner,Q39503,Artemis
Q1129489,child,Q893473,Calais
Q1129489,child,Q4024302,Zetes
Q1129489,spouse,Q109220,Boreas
Q3357697,father,Q79999,Uranus
Q132582,father,Q41484,Hermes
Q132582,father,Q34201,Zeus
Q132582,mother,Q203673,Callisto
Q132582,child,Q419156,Acis
Q132582,child,Q464091,Silenus
Q132582,unmarried partner,Q207368,Echo
Q1364612,father,Q161419,Oceanus
Q1364612,child,Q194015,Daphne
Q45967,father,Q34201,Zeus
Q45967,mother,Q40730,Demeter
Q45967,unmarried partner,Q163920,Adonis
Q45967,unmarried partner,Q34201,Zeus
Q130832,father,Q34201,Zeus
Q130832,mother,Q190582,Danaë
Q130832,spouse,Q161582,Andromeda
Q41127,mother,Q108419,Rhea
Q41127,child,Q193567,Polyphemus
Q41127,child,Q148030,Triton
Q41127,child,Q182439,Pelias
Q41127,child,Q172549,Aeolus
Q41127,child,Q1320718,Theseus
Q41127,child,Q1136130,Idas
Q41127,child,Q842435,Arion
Q41127,child,Q189872,Bellerophon
Q41127,child,Q192082,Charybdis
Q41127,child,Q162797,Pegasus
Q41127,child,Q1066344,Cycnus
Q41127,child,Q4259170,Lepreus
Q41127,child,Q641065,Phineus
Q41127,child,Q385397,Glaucus
Q41127,child,Q200073,Lamia
Q41127,sibling,Q34201,Zeus
Q41127,sibling,Q38012,Hera
Q41127,sibling,Q40730,Demeter
Q41127,spouse,Q180222,Amphitrite
Q41127,unmarried partner,Q35500,Aphrodite
Q41127,unmarried partner,Q482096,Amymone
Q41127,unmarried partner,Q1362409,Canace
Q41127,unmarried partner,Q40730,Demeter
Q41127,unmarried partner,Q956831,Eurynome
Q41127,unmarried partner,Q638578,Helle
Q41127,unmarried partner,Q160730,Medusa
Q41127,unmarried partner,Q3854114,Melantho daughter of Deucalion
Q41127,unmarried partner,Q398524,Philyra
Q41127,unmarried partner,Q2866192,Arethusa
Q83160,child,Q207715,Deucalion
Q83160,sibling,Q41054,Epimetheus
Q83160,sibling,Q130818,Atlas
Q843382,spouse,Q121973,Eros
Q108419,father,Q79999,Uranus
Q108419,child,Q34201,Zeus
Q108419,child,Q38012,Hera
Q108419,child,Q40730,Demeter
Q108419,child,Q41127,Poseidon
Q108419,child,Q32102,Ceres
Q108419,sibling,Q161419,Oceanus
Q1061782,mother,Q103975,Calliope
Q1061782,mother,Q104012,Euterpe
Q1061782,killed_by,Q208256,Diomedes
Q193115,father,Q41127,Poseidon
Q193115,father,Q180237,Typhon
Q193115,mother,Q131575,Hecate
Q193115,mother,Q200073,Lamia
Q131585,child,Q179256,Narcissus
Q131585,sibling,Q134270,Helios
Q131585,unmarried partner,Q272047,Endymion
Q131585,unmarried partner,Q134270,Helios
Q131585,unmarried partner,Q34201,Zeus
Q1241338,father,Q189527,Nereus
Q1241338,mother,Q726279,Doris
Q180237,child,Q83496,Cerberus
Q180237,child,Q170379,Hydra
Q180237,child,Q182790,chimera
Q180237,child,Q274600,Ladon
Q180237,child,Q193115,Scylla
Q10696861,unmarried partner,Q13409873,Pyramus
Q148030,father,Q41127,Poseidon
Q148030,mother,Q180222,Amphitrite
Q148030,unmarried partner,Q131575,Hecate
Q79999,father,Q131090,Chaos
Q79999,child,Q35500,Aphrodite
Q79999,child,Q845112,Enceladus
Q79999,child,Q1249106,Ephialtes
Q79999,child,Q3357697,Otus
Q79999,child,Q161419,Oceanus
Q79999,child,Q183281,Phoebe
Q79999,child,Q102884,Mnemosyne
Q79999,child,Q108419,Rhea
Q79999,child,Q1643451,Alecto
Q79999,child,Q371545,Megaera
Q79999,child,Q3991817,Tisiphone
Q79999,child,Q199923,Dione
Q79999,child,Q128430,cyclops
Q59697,father,Q643504,Cephalus
Q59697,sibling,Q1775444,Phosphorus
Q467515,child,Q121973,Eros
Q467515,child,Q21560612,Xanthus
Q467515,child,Q842435,Arion
Q467515,sibling,Q109220,Boreas
Q467515,spouse,Q184570,Iris
Q34201,mother,Q108419,Rhea
Q34201,child,Q40901,Ares
Q34201,child,Q35500,Aphrodite
Q34201,child,Q37340,Apollo
Q34201,child,Q44384,Hephaestus
Q34201,child,Q39503,Artemis
Q34201,child,Q41484,Hermes
Q34201,child,Q45967,Persephone
Q34201,child,Q41680,Dionysus
Q34201,child,Q164061,Helen of Troy
Q34201,child,Q201411,Horae
Q34201,child,Q104425,Polyhymnia
Q34201,child,Q104413,Erato
Q34201,child,Q104042,Terpsichore
Q34201,child,Q104012,Euterpe
Q34201,child,Q104002,Urania
Q34201,child,Q103992,Melpomene
Q34201,child,Q103975,Calliope
Q34201,child,Q103968,Clio
Q34201,child,Q23168,Minos
Q34201,child,Q131125,Hebe
Q34201,child,Q12046224,Pollux
Q34201,child,Q122248,Heracles
Q34201,child,Q130832,Perseus
Q34201,child,Q182101,Tantalus
Q34201,child,Q242835,Amphion
Q34201,child,Q689422,Euphrosyne
Q34201,child,Q4439972,Aglaea
Q34201,child,Q102884,Mnemosyne
Q34201,child,Q656887,Tityos
Q34201,child,Q742680,Astraea
Q34201,child,Q753294,Atropos
Q34201,child,Q829669,Clotho
Q34201,child,Q898947,Lachesis
Q34201,child,Q272047,Endymion
Q34201,child,Q978079,Harmonia
Q34201,child,Q21560612,Xanthus
Q34201,child,Q131575,Hecate
Q34201,child,Q132582,Pan
Q34201,child,Q184353,Charites
Q34201,child,Q2753233,Corythus
Q34201,child,Q37122,Athena
Q34201,sibling,Q38012,Hera
Q34201,sibling,Q41127,Poseidon
Q34201,sibling,Q40730,Demeter
Q34201,sibling,Q183417,Chiron
Q34201,spouse,Q190565,Metis
Q34201,spouse,Q38012,Hera
Q34201,unmarried partner,Q321298,Aegina
Q34201,unmarried partner,Q182019,Leda
Q34201,unmarried partner,Q461439,Antiope
Q34201,unmarried partner,Q203673,Callisto
Q34201,unmarried partner,Q190582,Danaë
Q34201,unmarried partner,Q40730,Demeter
Q34201,unmarried partner,Q199923,Dione
Q34201,unmarried partner,Q165170,Europa
Q34201,unmarried partner,Q548099,Eurynome
Q34201,unmarried partner,Q179014,Io
Q34201,unmarried partner,Q102884,Mnemosyne
Q34201,unmarried partner,Q45967,Persephone
Q34201,unmarried partner,Q131585,Selene
Q34201,unmarried partner,Q776139,Semele
Q34201,unmarried partner,Q35500,Aphrodite
Q34201,unmarried partner,Q622809,Pyrrha
Q34201,unmarried partner,Q103975,Calliope
Q34201,unmarried partner,Q726279,Doris
Q34201,unmarried partner,Q185747,Nemesis
Q34201,unmarried partner,Q200073,Lamia
Q645312,father,Q4649,Jupiter
Q645312,mother,Q776139,Semele
Q207234,father,Q4649,Jupiter
Q207234,mother,Q125046,Juno
Q207234,spouse,Q112,Mars
Q207234,unmarried partner,Q112,Mars
Q32102,father,Q134388,Saturn
Q32102,mother,Q108419,Rhea
Q32102,mother,Q859392,Ops
Q32102,child,Q14515330,Proserpina
Q32102,sibling,Q178710,Vesta
Q32102,sibling,Q152262,Pluto
Q32102,sibling,Q4649,Jupiter
Q32102,sibling,Q3954,Neptune
Q32102,sibling,Q125046,Juno
Q5011,father,Q1150,Mercury
Q5011,father,Q112,Mars
Q5011,mother,Q47652,Venus
Q5011,mother,Q132543,Diana
Q132543,father,Q4649,Jupiter
Q132543,mother,Q12958119,Latona
Q132543,child,Q5011,Cupid
Q240679,father,Q4649,Jupiter
Q4649,father,Q134388,Saturn
Q4649,mother,Q859392,Ops
Q4649,child,Q4640,Vulcan
Q4649,child,Q132543,Diana
Q4649,child,Q240679,Hercules
Q4649,child,Q645312,Bacchus
Q4649,child,Q1367680,Iuventas
Q4649,child,Q112,Mars
Q4649,child,Q207234,Bellona
Q4649,child,Q126916,Minerva
Q4649,child,Q1150,Mercury
Q4649,child,Q14515330,Proserpina
Q4649,sibling,Q125046,Juno
Q4649,sibling,Q178710,Vesta
Q4649,sibling,Q152262,Pluto
Q4649,sibling,Q3954,Neptune
Q4649,sibling,Q32102,Ceres
Q4649,spouse,Q125046,Juno
Q4649,unmarried partner,Q12958119,Latona
Q125046,father,Q134388,Saturn
Q125046,child,Q112,Mars
Q125046,child,Q4640,Vulcan
Q125046,child,Q1367680,Iuventas
Q125046,child,Q207234,Bellona
Q125046,sibling,Q4649,Jupiter
Q125046,sibling,Q178710,Vesta
Q125046,sibling,Q152262,Pluto
Q125046,sibling,Q3954,Neptune
Q125046,sibling,Q32102,Ceres
Q125046,spouse,Q4649,Jupiter
Q1367680,father,Q4649,Jupiter
Q1367680,mother,Q125046,Juno
Q112,father,Q4649,Jupiter
Q112,mother,Q125046,Juno
Q112,child,Q1242632,Remus
Q112,child,Q5011,Cupid
Q1150,father,Q4649,Jupiter
Q1150,child,Q837699,Evander of Pallene
Q1150,child,Q5011,Cupid
Q126916,father,Q4649,Jupiter
Q126916,mother,Q190565,Metis
Q3954,father,Q134388,Saturn
Q3954,child,Q148030,Triton
Q3954,sibling,Q178710,Vesta
Q3954,sibling,Q152262,Pluto
Q3954,sibling,Q4649,Jupiter
Q3954,sibling,Q32102,Ceres
Q3954,sibling,Q125046,Juno
Q3954,spouse,Q184437,Thetis
Q3954,spouse,Q180222,Amphitrite
Q859392,child,Q178710,Vesta
Q859392,child,Q32102,Ceres
Q859392,child,Q4649,Jupiter
Q859392,child,Q3954,Neptune
Q859392,child,Q152262,Pluto
Q859392,child,Q125046,Juno
Q859392,sibling,Q134388,Saturn
Q859392,spouse,Q134388,Saturn
Q152262,father,Q134388,Saturn
Q152262,sibling,Q178710,Vesta
Q152262,sibling,Q4649,Jupiter
Q152262,sibling,Q3954,Neptune
Q152262,sibling,Q32102,Ceres
Q152262,sibling,Q125046,Juno
Q152262,spouse,Q14515330,Proserpina
Q171239,spouse,Q374311,Vertumnus
Q14515330,father,Q4649,Jupiter
Q14515330,mother,Q32102,Ceres
Q14515330,spouse,Q152262,Pluto
Q134388,child,Q4649,Jupiter
Q134388,child,Q152262,Pluto
Q134388,child,Q3954,Neptune
Q134388,child,Q3545810,Veritas
Q134388,child,Q32102,Ceres
Q134388,child,Q125046,Juno
Q134388,child,Q178710,Vesta
Q134388,sibling,Q859392,Ops
Q134388,spouse,Q859392,Ops
Q47652,child,Q5011,Cupid
Q47652,spouse,Q4640,Vulcan
Q3545810,father,Q134388,Saturn
Q374311,spouse,Q171239,Pomona
Q178710,father,Q134388,Saturn
Q178710,mother,Q859392,Ops
Q178710,sibling,Q4649,Jupiter
Q178710,sibling,Q3954,Neptune
Q178710,sibling,Q152262,Pluto
Q178710,sibling,Q125046,Juno
Q178710,sibling,Q32102,Ceres
Q4640,father,Q4649,Jupiter
Q4640,mother,Q125046,Juno
Q4640,child,Q754686,Cacus
Q4640,spouse,Q47652,Venus
Q41746,father,Q178641,Peleus
Q41746,mother,Q184437,Thetis
Q41746,child,Q322639,Neoptolemus
Q41746,spouse,Q164061,Helen of Troy
Q41746,unmarried partner,Q186271,Patroclus
Q41746,unmarried partner,Q379828,Penthesilea
Q41746,unmarried partner,Q244318,Briseis
Q41746,unmarried partner,Q164061,Helen of Troy
Q41746,killed_by,Q167646,Paris
Q419156,father,Q132582,Pan
Q419156,father,Q41680,Dionysus
Q419156,unmarried partner,Q241070,Galatea
Q128176,child,Q192407,Orestes
Q128176,child,Q192673,Iphigenia
Q128176,child,Q131651,Elektra
Q128176,sibling,Q171839,Menelaus
Q128176,spouse,Q131157,Clytemnestra
Q128176,unmarried partner,Q244318,Briseis
Q584492,father,Q500739,Cecrops I
Q584492,sibling,Q16641710,Herse
Q584492,unmarried partner,Q40901,Ares
Q172725,father,Q331327,Telamon
Q320449,father,Q182439,Pelias
Q912904,spouse,Q578888,Ceyx
Q1643451,father,Q79999,Uranus
Q482096,unmarried partner,Q41127,Poseidon
Q211953,child,Q82732,Aeneas
Q211953,unmarried partner,Q35500,Aphrodite
Q19376,child,Q334787,Astyanax
Q19376,spouse,Q159666,Hector
Q19376,spouse,Q322639,Neoptolemus
Q161582,spouse,Q130832,Perseus
Q242835,father,Q34201,Zeus
Q242835,mother,Q461439,Antiope
Q242835,spouse,Q213621,Niobe
Q131351,father,Q130890,Oedipus
Q131351,sibling,Q334817,Polynices
Q131351,sibling,Q506550,Eteocles
Q461439,child,Q242835,Amphion
Q461439,unmarried partner,Q34201,Zeus
Q333658,father,Q241971,Aeëtes
Q333658,sibling,Q174278,Medea
Q2866192,father,Q189527,Nereus
Q2866192,mother,Q726279,Doris
Q2866192,unmarried partner,Q41127,Poseidon
Q189821,killed_by,Q41484,Hermes
Q184874,father,Q23168,Minos
Q184874,sibling,Q212818,Phaedra
Q184874,spouse,Q41680,Dionysus
Q184874,unmarried partner,Q41680,Dionysus
Q655566,father,Q82732,Aeneas
Q655566,mother,Q375174,Creusa
Q334787,father,Q159666,Hector
Q334787,mother,Q19376,Andromache
Q190323,spouse,Q1455747,Hippomenes
Q190323,unmarried partner,Q321541,Meleager
Q190323,unmarried partner,Q40901,Ares
Q23034980,spouse,Q23034982,Philemon
Q189872,father,Q41127,Poseidon
Q189872,mother,Q956831,Eurynome
Q29789169,sibling,Q64581998,Cleobis
Q244318,unmarried partner,Q41746,Achilles
Q754686,father,Q4640,Vulcan
Q27613,child,Q776139,Semele
Q27613,child,Q223690,Ino
Q27613,sibling,Q165170,Europa
Q27613,spouse,Q978079,Harmonia
Q893473,father,Q109220,Boreas
Q893473,mother,Q1129489,Orithyia
Q893473,sibling,Q4024302,Zetes
Q103975,father,Q34201,Zeus
Q103975,mother,Q102884,Mnemosyne
Q103975,child,Q174353,Orpheus
Q103975,child,Q506770,Hymen
Q103975,child,Q1061782,Rhesus of Thrace
Q103975,sibling,Q103968,Clio
Q103975,sibling,Q103992,Melpomene
Q103975,sibling,Q104002,Urania
Q103975,sibling,Q104012,Euterpe
Q103975,sibling,Q104042,Terpsichore
Q103975,sibling,Q104413,Erato
Q103975,sibling,Q104425,Polyhymnia
Q103975,spouse,Q391379,Achelous
Q103975,unmarried partner,Q37340,Apollo
Q103975,unmarried partner,Q40901,Ares
Q103975,unmarried partner,Q34201,Zeus
Q103975,unmarried partner,Q391379,Achelous
Q1362409,unmarried partner,Q41127,Poseidon
Q11294144,mother,Q182019,Leda
Q11294144,sibling,Q12046224,Pollux
Q11294144,sibling,Q164061,Helen of Troy
Q11294144,sibling,Q131157,Clytemnestra
Q500739,child,Q16641710,Herse
Q500739,child,Q584492,"Aglaurus, daughter of Cecrops"
Q643504,child,Q59697,Hesperus
Q643504,spouse,Q1139470,Procris
Q578888,father,Q1775444,Phosphorus
Q578888,spouse,Q912904,Alcyone
Q2606272,father,Q271891,Ixion
Q2606272,father,Q37340,Apollo
Q83496,father,Q180237,Typhon
Q83496,sibling,Q170379,Hydra
Q83496,sibling,Q182790,chimera
Q183417,mother,Q398524,Philyra
Q183417,sibling,Q34201,Zeus
Q1066344,father,Q41127,Poseidon
Q15711584,father,Q189527,Nereus
Q15711584,mother,Q726279,Doris
Q1056143,father,Q916442,Telephus
Q64581998,sibling,Q29789169,Biton
Q103968,father,Q34201,Zeus
Q103968,mother,Q102884,Mnemosyne
Q103968,child,Q506770,Hymen
Q103968,sibling,Q103992,Melpomene
Q103968,sibling,Q104002,Urania
Q103968,sibling,Q104012,Euterpe
Q103968,sibling,Q104042,Terpsichore
Q103968,sibling,Q104413,Erato
Q103968,sibling,Q104425,Polyhymnia
Q103968,sibling,Q103975,Calliope
Q103968,unmarried partner,Q37340,Apollo
Q131157,mother,Q182019,Leda
Q131157,child,Q192407,Orestes
Q131157,child,Q192673,Iphigenia
Q131157,child,Q131651,Elektra
Q131157,sibling,Q12046224,Pollux
Q131157,sibling,Q11294144,Castor
Q131157,sibling,Q164061,Helen of Troy
Q131157,spouse,Q128176,Agamemnon
Q3682459,killed_by,Q159666,Hector
Q2753233,father,Q34201,Zeus
Q725286,child,Q83223,Asclepius
Q725286,unmarried partner,Q2479189,Ischys
Q725286,unmarried partner,Q37340,Apollo
Q725286,killed_by,Q37340,Apollo
Q725286,killed_by,Q39503,Artemis
Q732066,child,Q744871,Menoeceus
Q375174,father,Q170473,Priam
Q375174,mother,Q193433,Hecuba
Q375174,child,Q655566,Ascanius
Q375174,spouse,Q82732,Aeneas
Q1043413,father,Q192485,Pelops
Q190582,child,Q130832,Perseus
Q190582,unmarried partner,Q34201,Zeus
Q134756,child,Q34041,Icarus
Q272000,child,Q847268,Hyllus
Q272000,spouse,Q122248,Heracles
Q1183358,father,Q176758,Jason
Q207715,father,Q83160,Prometheus
Q207715,child,Q3854114,Melantho daughter of Deucalion
Q207715,sibling,Q212818,Phaedra
Q207715,spouse,Q622809,Pyrrha
Q905162,unmarried partner,Q82732,Aeneas
Q850192,father,Q391379,Achelous
Q850192,father,Q134270,Helios
Q850192,killed_by,Q242835,Amphion
Q3715347,father,Q270117,Lycurgus of Thrace
Q193433,child,Q375174,Creusa
Q193433,child,Q346634,Polydorus
Q193433,child,Q159666,Hector
Q193433,child,Q167646,Paris
Q193433,child,Q750236,Polyxena
Q193433,spouse,Q170473,Priam
Q193433,unmarried partner,Q37340,Apollo
Q130890,child,Q506550,Eteocles
Q130890,child,Q334817,Polynices
Q130890,child,Q131351,Antigone
Q241971,father,Q134270,Helios
Q241971,child,Q174278,Medea
Q241971,child,Q333658,Absyrtus
Q241971,child,Q187602,Circe
Q241971,sibling,Q187602,Circe
Q241971,unmarried partner,Q131575,Hecate
Q241971,killed_by,Q321541,Meleager
Q191725,child,Q1320718,Theseus
Q191725,spouse,Q174278,Medea
Q164061,father,Q34201,Zeus
Q164061,mother,Q182019,Leda
Q164061,child,Q192673,Iphigenia
Q164061,sibling,Q11294144,Castor
Q164061,sibling,Q12046224,Pollux
Q164061,sibling,Q131157,Clytemnestra
Q164061,spouse,Q1320718,Theseus
Q164061,spouse,Q171839,Menelaus
Q164061,spouse,Q167646,Paris
Q164061,spouse,Q41746,Achilles
Q164061,unmarried partner,Q167646,Paris
Q164061,unmarried partner,Q41746,Achilles
Q164061,unmarried partner,Q1136130,Idas
Q164061,unmarried partner,Q1124866,Lynceus
Q131651,father,Q128176,Agamemnon
Q131651,mother,Q131157,Clytemnestra
Q131651,sibling,Q192407,Orestes
Q131651,sibling,Q192673,Iphigenia
Q131651,spouse,Q494886,Pylades
Q272047,father,Q34201,Zeus
Q272047,spouse,Q131585,Selene
Q272047,unmarried partner,Q131585,Selene
Q82732,father,Q211953,Anchises
Q82732,mother,Q35500,Aphrodite
Q82732,child,Q655566,Ascanius
Q82732,spouse,Q375174,Creusa
Q82732,unmarried partner,Q905162,Dido
Q847890,father,Q40901,Ares
Q104413,father,Q34201,Zeus
Q104413,mother,Q102884,Mnemosyne
Q104413,sibling,Q103968,Clio
Q104413,sibling,Q103975,Calliope
Q104413,sibling,Q103992,Melpomene
Q104413,sibling,Q104002,Urania
Q104413,sibling,Q104012,Euterpe
Q104413,sibling,Q104042,Terpsichore
Q104413,sibling,Q104425,Polyhymnia
Q644921,father,Q44384,Hephaestus
Q19776360,unmarried partner,Q10316761,Leander
Q16641710,father,Q500739,Cecrops I
Q16641710,sibling,Q584492,"Aglaurus, daughter of Cecrops"
Q16641710,unmarried partner,Q41484,Hermes
Q410082,child,Q176758,Jason
Q506550,father,Q130890,Oedipus
Q506550,sibling,Q131351,Antigone
Q506550,sibling,Q334817,Polynices
Q159666,father,Q170473,Priam
Q159666,mother,Q193433,Hecuba
Q159666,child,Q334787,Astyanax
Q159666,sibling,Q167646,Paris
Q159666,sibling,Q750236,Polyxena
Q159666,spouse,Q19376,Andromache
Q159666,killed_by,Q41746,Achilles
Q16647668,unmarried partner,Q7134950,Nisus
Q16647668,killed_by,Q4016094,Volcens
Q956831,child,Q189872,Bellerophon
Q956831,unmarried partner,Q41127,Poseidon
Q61014736,father,Q37340,Apollo
Q165170,child,Q23168,Minos
Q165170,sibling,Q27613,Cadmus
Q165170,unmarried partner,Q34201,Zeus
Q104012,father,Q34201,Zeus
Q104012,mother,Q102884,Mnemosyne
Q104012,child,Q1061782,Rhesus of Thrace
Q104012,sibling,Q103968,Clio
Q104012,sibling,Q103975,Calliope
Q104012,sibling,Q103992,Melpomene
Q104012,sibling,Q104002,Urania
Q104012,sibling,Q104042,Terpsichore
Q104012,sibling,Q104413,Erato
Q104012,sibling,Q104425,Polyhymnia
Q837699,father,Q1150,Mercury
Q837699,child,Q2048018,Pallas
Q212818,father,Q23168,Minos
Q212818,sibling,Q184874,Ariadne
Q212818,spouse,Q1320718,Theseus
Q203480,father,Q134270,Helios
Q203480,unmarried partner,Q35500,Aphrodite
Q203480,killed_by,Q34201,Zeus
Q23034982,spouse,Q23034980,Baucis
Q115449,sibling,Q1231743,Procne
Q641065,father,Q41127,Poseidon
Q743482,mother,Q624551,Nephele
Q743482,sibling,Q638578,Helle
Q241070,father,Q189527,Nereus
Q241070,mother,Q726279,Doris
Q241070,unmarried partner,Q193567,Polyphemus
Q241070,unmarried partner,Q419156,Acis
Q176758,father,Q410082,Aeson
Q176758,child,Q1183358,Deipylus
Q176758,spouse,Q174278,Medea
Q1413020,child,Q308398,Midas
Q34041,father,Q134756,Daedalus
Q1136130,father,Q41127,Poseidon
Q1136130,sibling,Q1124866,Lynceus
Q1136130,unmarried partner,Q164061,Helen of Troy
Q192673,father,Q128176,Agamemnon
Q192673,father,Q1320718,Theseus
Q192673,mother,Q131157,Clytemnestra
Q192673,mother,Q164061,Helen of Troy
Q192673,sibling,Q131651,Elektra
Q192673,sibling,Q192407,Orestes
Q192673,killed_by,Q128176,Agamemnon
Q847268,father,Q122248,Heracles
Q847268,mother,Q272000,Deianira
Q847268,spouse,Q744147,Iole
Q223690,father,Q27613,Cadmus
Q223690,mother,Q978079,Harmonia
Q223690,sibling,Q776139,Semele
Q744147,spouse,Q847268,Hyllus
Q338201,father,Q1320718,Theseus
Q1455747,spouse,Q190323,Atalanta
Q2479189,unmarried partner,Q725286,Coronis
Q271891,father,Q40901,Ares
Q271891,child,Q2606272,Centaurus
Q1675360,father,Q1138506,Tereus
Q1675360,mother,Q1231743,Procne
Q274600,father,Q180237,Typhon
Q274600,killed_by,Q122248,Heracles
Q200073,father,Q41127,Poseidon
Q200073,unmarried partner,Q34201,Zeus
Q10316761,unmarried partner,Q19776360,Hero
Q182019,child,Q131157,Clytemnestra
Q182019,child,Q164061,Helen of Troy
Q182019,child,Q12046224,Pollux
Q182019,child,Q11294144,Castor
Q182019,unmarried partner,Q34201,Zeus
Q4259170,father,Q41127,Poseidon
Q339980,unmarried partner,Q134270,Helios
Q501667,child,Q203673,Callisto
Q1330532,father,Q37340,Apollo
Q270117,father,Q40901,Ares
Q270117,child,Q3715347,Dryas
Q1124866,sibling,Q1136130,Idas
Q1124866,unmarried partner,Q164061,Helen of Troy
Q9026462,father,Q172549,Aeolus
Q174278,father,Q241971,Aeëtes
Q174278,mother,Q131575,Hecate
Q174278,sibling,Q333658,Absyrtus
Q174278,spouse,Q176758,Jason
Q174278,spouse,Q191725,Aegeus
Q160730,child,Q162797,Pegasus
Q160730,unmarried partner,Q41127,Poseidon
Q160730,killed_by,Q130832,Perseus
Q371545,father,Q79999,Uranus
Q3854114,father,Q207715,Deucalion
Q3854114,mother,Q622809,Pyrrha
Q3854114,unmarried partner,Q41127,Poseidon
Q321541,father,Q40901,Ares
Q321541,unmarried partner,Q190323,Atalanta
Q103992,father,Q34201,Zeus
Q103992,mother,Q102884,Mnemosyne
Q103992,child,Q179844,Parthenope
Q103992,sibling,Q103968,Clio
Q103992,sibling,Q103975,Calliope
Q103992,sibling,Q104002,Urania
Q103992,sibling,Q104012,Euterpe
Q103992,sibling,Q104042,Terpsichore
Q103992,sibling,Q104413,Erato
Q103992,sibling,Q104425,Polyhymnia
Q103992,spouse,Q391379,Achelous
Q506781,father,Q737306,Tithonus
Q506781,killed_by,Q41746,Achilles
Q744871,father,Q732066,Creon
Q171839,sibling,Q128176,Agamemnon
Q171839,spouse,Q164061,Helen of Troy
Q308398,father,Q1413020,Gordias
Q308398,mother,Q188236,Cybele
Q23168,father,Q34201,Zeus
Q23168,mother,Q165170,Europa
Q23168,child,Q184874,Ariadne
Q23168,child,Q212818,Phaedra
Q129866,killed_by,Q1320718,Theseus
Q771366,child,Q163920,Adonis
Q771366,sibling,Q163920,Adonis
Q1149595,father,Q40901,Ares
Q322639,father,Q41746,Achilles
Q322639,spouse,Q19376,Andromache
Q322639,killed_by,Q192407,Orestes
Q466866,father,Q271891,Ixion
Q466866,mother,Q624551,Nephele
Q213621,father,Q182101,Tantalus
Q213621,mother,Q199923,Dione
Q213621,sibling,Q192485,Pelops
Q213621,spouse,Q242835,Amphion
Q7134950,unmarried partner,Q16647668,Euryalus
Q486698,child,Q1400413,Tyrrhenus
Q486698,spouse,Q122248,Heracles
Q192407,father,Q128176,Agamemnon
Q192407,mother,Q131157,Clytemnestra
Q192407,sibling,Q131651,Elektra
Q192407,sibling,Q192673,Iphigenia
Q174353,mother,Q103975,Calliope
Q174353,spouse,Q208588,Eurydice
Q2048018,father,Q837699,Evander of Pallene
Q131346,child,Q622809,Pyrrha
Q131346,spouse,Q41054,Epimetheus
Q167646,father,Q170473,Priam
Q167646,mother,Q193433,Hecuba
Q167646,sibling,Q750236,Polyxena
Q167646,sibling,Q159666,Hector
Q167646,spouse,Q164061,Helen of Troy
Q167646,unmarried partner,Q164061,Helen of Troy
Q167646,killed_by,Q212827,Philoctetes
Q186271,unmarried partner,Q41746,Achilles
Q186271,killed_by,Q159666,Hector
Q178641,child,Q41746,Achilles
Q178641,sibling,Q331327,Telamon
Q178641,spouse,Q184437,Thetis
Q182439,father,Q41127,Poseidon
Q182439,child,Q320449,Alcestis
Q192485,father,Q182101,Tantalus
Q192485,child,Q1043413,Chrysippus
Q192485,sibling,Q213621,Niobe
Q165769,child,Q192482,Telemachus
Q165769,spouse,Q47231,Odysseus
Q379828,father,Q40901,Ares
Q379828,unmarried partner,Q41746,Achilles
Q494886,spouse,Q131651,Elektra
Q13409873,unmarried partner,Q10696861,Thisbe
Q622809,father,Q41054,Epimetheus
Q622809,mother,Q131346,Pandora
Q622809,child,Q3854114,Melantho daughter of Deucalion
Q622809,spouse,Q207715,Deucalion
Q622809,unmarried partner,Q34201,Zeus
Q346634,father,Q170473,Priam
Q346634,mother,Q193433,Hecuba
Q346634,sibling,Q750236,Polyxena
Q193567,father,Q41127,Poseidon
Q193567,unmarried partner,Q241070,Galatea
Q104425,father,Q34201,Zeus
Q104425,mother,Q102884,Mnemosyne
Q104425,sibling,Q103968,Clio
Q104425,sibling,Q103975,Calliope
Q104425,sibling,Q103992,Melpomene
Q104425,sibling,Q104002,Urania
Q104425,sibling,Q104012,Euterpe
Q104425,sibling,Q104042,Terpsichore
Q104425,sibling,Q104413,Erato
Q334817,father,Q130890,Oedipus
Q334817,sibling,Q131351,Antigone
Q334817,sibling,Q506550,Eteocles
Q750236,father,Q170473,Priam
Q750236,mother,Q193433,Hecuba
Q750236,sibling,Q167646,Paris
Q750236,sibling,Q159666,Hector
Q750236,sibling,Q346634,Polydorus
Q12046224,father,Q34201,Zeus
Q12046224,mother,Q182019,Leda
Q12046224,sibling,Q11294144,Castor
Q12046224,sibling,Q164061,Helen of Troy
Q12046224,sibling,Q131157,Clytemnestra
Q170473,child,Q159666,Hector
Q170473,child,Q346634,Polydorus
Q170473,child,Q167646,Paris
Q170473,child,Q750236,Polyxena
Q170473,child,Q375174,Creusa
Q170473,sibling,Q737306,Tithonus
Q170473,spouse,Q193433,Hecuba
Q170473,killed_by,Q322639,Neoptolemus
Q206878,father,Q41680,Dionysus
Q206878,father,Q41484,Hermes
Q206878,mother,Q35500,Aphrodite
Q1231743,child,Q1675360,Itys
Q1231743,sibling,Q115449,Philomela
Q1231743,spouse,Q1138506,Tereus
Q1139470,spouse,Q643504,Cephalus
Q871361,killed_by,Q555521,Achates
Q776139,father,Q27613,Cadmus
Q776139,mother,Q978079,Harmonia
Q776139,child,Q41680,Dionysus
Q776139,sibling,Q223690,Ino
Q776139,unmarried partner,Q34201,Zeus
Q464091,father,Q41484,Hermes
Q464091,father,Q132582,Pan
Q182101,father,Q34201,Zeus
Q182101,child,Q213621,Niobe
Q182101,child,Q192485,Pelops
Q182101,spouse,Q199923,Dione
Q331327,child,Q172725,Ajax the Great
Q331327,sibling,Q178641,Peleus
Q916442,father,Q122248,Heracles
Q916442,child,Q1056143,Cyparissus
Q916442,child,Q1400413,Tyrrhenus
Q192482,father,Q47231,Odysseus
Q192482,mother,Q165769,Penelope
Q192482,spouse,Q187602,Circe
Q1138506,father,Q40901,Ares
Q1138506,child,Q1675360,Itys
Q1138506,spouse,Q1231743,Procne
Q104042,father,Q34201,Zeus
Q104042,mother,Q102884,Mnemosyne
Q104042,child,Q179844,Parthenope
Q104042,child,Q506770,Hymen
Q104042,sibling,Q103968,Clio
Q104042,sibling,Q103975,Calliope
Q104042,sibling,Q103992,Melpomene
Q104042,sibling,Q104002,Urania
Q104042,sibling,Q104012,Euterpe
Q104042,sibling,Q104413,Erato
Q104042,sibling,Q104425,Polyhymnia
Q104042,spouse,Q391379,Achelous
Q104042,unmarried partner,Q40901,Ares
Q104042,unmarried partner,Q37340,Apollo
Q104042,unmarried partner,Q391379,Achelous
Q1320718,father,Q191725,Aegeus
Q1320718,father,Q41127,Poseidon
Q1320718,child,Q338201,Hippolytus
Q1320718,child,Q192673,Iphigenia
Q1320718,spouse,Q212818,Phaedra
Q1320718,spouse,Q184874,Ariadne
Q1320718,spouse,Q164061,Helen of Troy
Q1320718,killed_by,Q1330532,Lycomedes
Q184437,father,Q189527,Nereus
Q184437,mother,Q726279,Doris
Q184437,child,Q41746,Achilles
Q184437,spouse,Q178641,Peleus
Q184437,spouse,Q3954,Neptune
Q1400413,father,Q916442,Telephus
Q3991817,father,Q79999,Uranus
Q737306,child,Q506781,Memnon
Q737306,sibling,Q170473,Priam
Q656887,father,Q34201,Zeus
Q269243,father,Q161419,Oceanus
Q47231,child,Q192482,Telemachus
Q47231,spouse,Q165769,Penelope
Q47231,unmarried partner,Q48961,Calypso
Q47231,unmarried partner,Q187602,Circe
Q104002,father,Q34201,Zeus
Q104002,mother,Q102884,Mnemosyne
Q104002,child,Q506770,Hymen
Q104002,sibling,Q103968,Clio
Q104002,sibling,Q103975,Calliope
Q104002,sibling,Q103992,Melpomene
Q104002,sibling,Q104012,Euterpe
Q104002,sibling,Q104042,Terpsichore
Q104002,sibling,Q104413,Erato
Q104002,sibling,Q104425,Polyhymnia
Q104002,spouse,Q37340,Apollo
Q4024302,father,Q109220,Boreas
Q4024302,mother,Q1129489,Orithyia
Q4024302,sibling,Q893473,Calais
Q182790,father,Q180237,Typhon
Q182790,sibling,Q170379,Hydra
Q182790,sibling,Q83496,Cerberus
Q182790,killed_by,Q189872,Bellerophon
Q12737222,mother,Q200073,Lamia
Q12958119,mother,Q183281,Phoebe
Q12958119,child,Q132543,Diana
Q12958119,child,Q37340,Apollo
Q12958119,unmarried partner,Q4649,Jupiter
Q3929892,killed_by,Q7134950,Nisus
Q1242632,father,Q112,Mars
Q4016094,killed_by,Q7134950,Nisus
Q184353,father,Q34201,Zeus
Q184353,father,Q41680,Dionysus
Q184353,father,Q134270,Helios
Q184353,mother,Q548099,Eurynome
Q184353,mother,Q35500,Aphrodite
Q1821610,mother,Q978079,Harmonia
Q179844,father,Q391379,Achelous
Q179844,mother,Q104042,Terpsichore
Q179844,mother,Q103992,Melpomene
Q842435,father,Q41127,Poseidon
Q842435,father,Q467515,Zephyrus
Q842435,mother,Q40730,Demeter
Q162797,father,Q41127,Poseidon
Q162797,mother,Q160730,Medusa
Q21560612,father,Q467515,Zephyrus
Q21560612,father,Q34201,Zeus
Q150986,father,Q391379,Achelous
Q128430,father,Q79999,Uranus
Q170379,father,Q180237,Typhon
Q170379,sibling,Q83496,Cerberus
Q170379,sibling,Q182790,chimera
Q66016,father,Q34201,Zeus
Q66016,mother,Q102884,Mnemosyne
